Workbook

Sheet Inputs - Flow Network
B1: Keyword: POOL | C1: Name | D1: ASU(Integer ID) | E1: Curve_Type(Name) [retention] | F1: Curve_Type(Name) [decay] | G1: ASU_ Group(Name) [retention] | H1: ASU_Group(Name) [decay] | I1: Max Capacity | J1: Allow Age Zero Flowthrough | K1: Pool_Ruleset(Name) | L1: Description/Note
B3: POOL | C3: Roundwood Harvested, DK | D3: ='Inputs - Spatial'!$C$2 -> 45 | J3: TRUE
B4: POOL | C4: Roundwood Consumed, DK | D4: ='Inputs - Spatial'!$C$2 -> 45 | J4: TRUE
B5: POOL | C5: Roundwood Exported, DK | D5: ='Inputs - Spatial'!$C$2 -> 45 | J5: TRUE
B7: POOL | C7: Sawmill, DK | D7: ='Inputs - Spatial'!$C$2 -> 45
B8: POOL | C8: Sawnwood Produced, DK | D8: ='Inputs - Spatial'!$C$2 -> 45
B9: POOL | C9: Sawnwood Comsumed, DK | D9: ='Inputs - Spatial'!$C$2 -> 45 | E9: IPCC default-sawnwood
B11: POOL | C11: Panel mill, DK | D11: ='Inputs - Spatial'!$C$2 -> 45
B12: POOL | C12: Panel Produced, DK | D12: ='Inputs - Spatial'!$C$2 -> 45
B13: POOL | C13: Panel Consumed, DK | D13: ='Inputs - Spatial'!$C$2 -> 45 | E13: IPCC default-panels
B15: POOL | C15: Milling residues, DK | D15: ='Inputs - Spatial'!$C$2 -> 45
B17: POOL | C17: Paper and Paperboard Produced, DK | D17: ='Inputs - Spatial'!$C$2 -> 45
B18: POOL | C18: Paper and Paperboard Consumed, DK | D18: ='Inputs - Spatial'!$C$2 -> 45 | E18: IPCC default-paper
B20: POOL | C20: Products Exported, DK | D20: ='Inputs - Spatial'!$C$2 -> 45
B22: POOL | C22: CO2, DK | D22: ='Inputs - Spatial'!$C$2 -> 45
B23: POOL | C23: CH4, DK | D23: ='Inputs - Spatial'!$C$2 -> 45
B24: POOL | C24: Other gases, DK | D24: ='Inputs - Spatial'!$C$2 -> 45
B26: Keyword: EVENT | C26: Name | D26: Action_Type(Name) | E26: ASU(Integer ID) | F26: Curve(Name)[Quantity Cap]* | G26: Curve(Name)[Target Quantity]* | H26: First Timestep | I26: Last Timestep | J26: Event Ruleset(Name) | K26: ASU_Group(Name) | L26: Description/Note
B28: EVENT | C28: Roundwood Trading, DK | D28: =C40 -> Roundwood Trading | E28: ='Inputs - Spatial'!$C$2 -> 45
B29: EVENT | C29: Roundwood value-adding, DK | D29: =C41 -> Roundwood breakdown | E29: ='Inputs - Spatial'!$C$2 -> 45
B30: EVENT | C30: Sawnwood manufacturing, DK | D30: =C42 -> Sawmilling | E30: ='Inputs - Spatial'!$C$2 -> 45
B31: EVENT | C31: Panel manufacturing, DK | D31: =C43 -> Panel Manufacturing | E31: ='Inputs - Spatial'!$C$2 -> 45
B32: EVENT | C32: ="Pulp and Paper manufacturing, "&'Inputs - Spatial'!C10 -> Pulp and Paper manufacturing, DK | D32: =C44 -> Pulping | E32: ='Inputs - Spatial'!$C$2 -> 45
B33: EVENT | C33: Sawnwood Trading, DK | D33: =C45 -> Sawnwood Trading | E33: ='Inputs - Spatial'!$C$2 -> 45
B34: EVENT | C34: Panel Trading, DK | D34: =C46 -> Panel Trading | E34: ='Inputs - Spatial'!$C$2 -> 45
B35: EVENT | C35: Paper and Paperboard Trading, DK | D35: =C47 -> Paper Trading | E35: ='Inputs - Spatial'!$C$2 -> 45
B36: EVENT | C36: End of Life Processing, DK | D36: =C48 -> End of Life Practice | E36: ='Inputs - Spatial'!$C$2 -> 45
B38: Keyword: ACTION_TYPE | C38: NAME
B40: ACTION_TYPE | C40: Roundwood Trading
B41: ACTION_TYPE | C41: Roundwood breakdown
B42: ACTION_TYPE | C42: Sawmilling
B43: ACTION_TYPE | C43: Panel Manufacturing
B44: ACTION_TYPE | C44: Pulping
B45: ACTION_TYPE | C45: Sawnwood Trading
B46: ACTION_TYPE | C46: Panel Trading
B47: ACTION_TYPE | C47: Paper Trading
B48: ACTION_TYPE | C48: End of Life Practice
B50: Keyword: EVENT_POOL | C50: Event(Name) | D50: Pool(Name) | E50: Source? | F50: Sequence Number | G50: Allow Recycling (Boolean)
B52: EVENT_POOL | C52: {=$C$28} -> Roundwood Trading, DK | D52: {=$C3} -> Roundwood Harvested, DK | E52: TRUE | F52: 1
B53: EVENT_POOL | C53: {=$C$28} -> Roundwood Trading, DK | D53: {=C4} -> Roundwood Consumed, DK | E53: FALSE | F53: 1
B54: EVENT_POOL | C54: {=$C$28} -> Roundwood Trading, DK | D54: {=C5} -> Roundwood Exported, DK | E54: FALSE | F54: 2
B56: EVENT_POOL | C56: {=$C$29} -> Roundwood value-adding, DK | D56: {=C4} -> Roundwood Consumed, DK | E56: TRUE | F56: 1
B57: EVENT_POOL | C57: {=$C$29} -> Roundwood value-adding, DK | D57: {=C7} -> Sawmill, DK | E57: FALSE | F57: 1
B58: EVENT_POOL | C58: {=$C$29} -> Roundwood value-adding, DK | D58: {=C11} -> Panel mill, DK | E58: FALSE | F58: 2
B60: EVENT_POOL | C60: {=$C$30} -> Sawnwood manufacturing, DK | D60: {=C7} -> Sawmill, DK | E60: TRUE | F60: 1
B61: EVENT_POOL | C61: {=$C$30} -> Sawnwood manufacturing, DK | D61: {=C8} -> Sawnwood Produced, DK | E61: FALSE | F61: 1
B62: EVENT_POOL | C62: {=$C$30} -> Sawnwood manufacturing, DK | D62: {=C15} -> Milling residues, DK | E62: FALSE | F62: 2
B64: EVENT_POOL | C64: {=$C$31} -> Panel manufacturing, DK | D64: {=C11} -> Panel mill, DK | E64: TRUE | F64: 1
B65: EVENT_POOL | C65: {=$C$31} -> Panel manufacturing, DK | D65: {=C12} -> Panel Produced, DK | E65: FALSE | F65: 1
B66: EVENT_POOL | C66: {=$C$31} -> Panel manufacturing, DK | D66: {=C15} -> Milling residues, DK | E66: FALSE | F66: 2
B68: EVENT_POOL | C68: =C32 -> Pulp and Paper manufacturing, DK | D68: =C15 -> Milling residues, DK | E68: TRUE | F68: 1
B69: EVENT_POOL | C69: =C32 -> Pulp and Paper manufacturing, DK | D69: =C17 -> Paper and Paperboard Produced, DK | E69: FALSE | F69: 1
B71: EVENT_POOL | C71: {=$C$33} -> Sawnwood Trading, DK | D71: {=C8} -> Sawnwood Produced, DK | E71: TRUE | F71: 1
B72: EVENT_POOL | C72: {=$C$33} -> Sawnwood Trading, DK | D72: {=C9} -> Sawnwood Comsumed, DK | E72: FALSE | F72: 1
B73: EVENT_POOL | C73: {=$C$33} -> Sawnwood Trading, DK | D73: {=C20} -> Products Exported, DK | E73: FALSE | F73: 2
B75: EVENT_POOL | C75: {=$C$34} -> Panel Trading, DK | D75: {=C12} -> Panel Produced, DK | E75: TRUE | F75: 1
B76: EVENT_POOL | C76: {=$C$34} -> Panel Trading, DK | D76: {=C13} -> Panel Consumed, DK | E76: FALSE | F76: 1
B77: EVENT_POOL | C77: {=$C$34} -> Panel Trading, DK | D77: {=C20} -> Products Exported, DK | E77: FALSE | F77: 2
B79: EVENT_POOL | C79: {=$C$35} -> Paper and Paperboard Trading, DK | D79: {=C17} -> Paper and Paperboard Produced, DK | E79: TRUE | F79: 1
B80: EVENT_POOL | C80: {=$C$35} -> Paper and Paperboard Trading, DK | D80: {=C18} -> Paper and Paperboard Consumed, DK | E80: FALSE | F80: 1
B81: EVENT_POOL | C81: {=$C$35} -> Paper and Paperboard Trading, DK | D81: {=C20} -> Products Exported, DK | E81: FALSE | F81: 2
B83: EVENT_POOL | C83: {=$C$36} -> End of Life Processing, DK | D83: {=C9} -> Sawnwood Comsumed, DK | E83: TRUE | F83: 1
B84: EVENT_POOL | C84: {=$C$36} -> End of Life Processing, DK | D84: {=C13} -> Panel Consumed, DK | E84: TRUE | F84: 2
B85: EVENT_POOL | C85: {=$C$36} -> End of Life Processing, DK | D85: {=C18} -> Paper and Paperboard Consumed, DK | E85: TRUE | F85: 3
B86: EVENT_POOL | C86: {=$C$36} -> End of Life Processing, DK | D86: {=C22} -> CO2, DK | E86: FALSE | F86: 1
B87: EVENT_POOL | C87: {=$C$36} -> End of Life Processing, DK | D87: {=C23} -> CH4, DK | E87: FALSE | F87: 2
B88: EVENT_POOL | C88: {=$C$36} -> End of Life Processing, DK | D88: {=C24} -> Other gases, DK | E88: FALSE | F88: 3
B90: Keyword: ACTION_PARAMETER_SET | C90: Name | D90: Action_Type (Name) | E90: ASU_Group(Name) | F90: Effective Start Timestep* | G90: Reference | H90: Description
B92: ACTION_PARAMETER_SET | C92: Roundwood Trading Parameters, DK | D92: =C40 -> Roundwood Trading | E92: ='Inputs - Spatial'!$C$10 -> DK
B93: ACTION_PARAMETER_SET | C93: Roundwood value-adding Parameters, DK | D93: =C41 -> Roundwood breakdown | E93: ='Inputs - Spatial'!$C$10 -> DK
B94: ACTION_PARAMETER_SET | C94: Sawnwood manufacturing Parameters, DK | D94: =C42 -> Sawmilling | E94: ='Inputs - Spatial'!$C$10 -> DK
B95: ACTION_PARAMETER_SET | C95: Panel manufacturing Parameters, DK | D95: =C43 -> Panel Manufacturing | E95: ='Inputs - Spatial'!$C$10 -> DK
B96: ACTION_PARAMETER_SET | C96: Pulp and paper manufacturing Parameters, DK | D96: =C44 -> Pulping | E96: ='Inputs - Spatial'!$C$10 -> DK
B97: ACTION_PARAMETER_SET | C97: Sawnwood Trading Parameters, DK | D97: =C45 -> Sawnwood Trading | E97: ='Inputs - Spatial'!$C$10 -> DK
B98: ACTION_PARAMETER_SET | C98: Panel Trading Parameters, DK | D98: =C46 -> Panel Trading | E98: ='Inputs - Spatial'!$C$10 -> DK
B99: ACTION_PARAMETER_SET | C99: Paper and Paperboard Trading Parameters, DK | D99: =C47 -> Paper Trading | E99: ='Inputs - Spatial'!$C$10 -> DK
B100: ACTION_PARAMETER_SET | C100: End of Life Processing Parameters, DK | D100: =C48 -> End of Life Practice | E100: ='Inputs - Spatial'!$C$10 -> DK
B102: Keyword: ACTION_PARAMETER_OUT | C102: Action_Parameter_Set(Name) | D102: Sequence Number | E102: Proportion | F102: Target | G102: New Physical State Name | H102: Physical State Rule | I102: Species Rule | J102: Note
B104: ACTION_PARAMETER_OUT | C104: {=C92} -> Roundwood Trading Parameters, DK | D104: 1 | E104: 0.5
B105: ACTION_PARAMETER_OUT | C105: {=C92} -> Roundwood Trading Parameters, DK | D105: 2 | E105: 0.5
B107: ACTION_PARAMETER_OUT | C107: {=C93} -> Roundwood value-adding Parameters, DK | D107: 1 | E107: 0.75
B108: ACTION_PARAMETER_OUT | C108: {=C93} -> Roundwood value-adding Parameters, DK | D108: 2 | E108: 0.25
B110: ACTION_PARAMETER_OUT | C110: {=C94} -> Sawnwood manufacturing Parameters, DK | D110: 1 | E110: 0.5
B111: ACTION_PARAMETER_OUT | C111: {=C94} -> Sawnwood manufacturing Parameters, DK | D111: 2 | E111: 0.5
B113: ACTION_PARAMETER_OUT | C113: {=C95} -> Panel manufacturing Parameters, DK | D113: 1 | E113: 0.98
B114: ACTION_PARAMETER_OUT | C114: {=C95} -> Panel manufacturing Parameters, DK | D114: 2 | E114: 0.02
B116: ACTION_PARAMETER_OUT | C116: =C96 -> Pulp and paper manufacturing Parameters, DK | D116: 1 | E116: 1
B118: ACTION_PARAMETER_OUT | C118: {=C97} -> Sawnwood Trading Parameters, DK | D118: 1 | E118: 0.75
B119: ACTION_PARAMETER_OUT | C119: {=C97} -> Sawnwood Trading Parameters, DK | D119: 2 | E119: 0.25
B121: ACTION_PARAMETER_OUT | C121: {=C98} -> Panel Trading Parameters, DK | D121: 1 | E121: 0.75
B122: ACTION_PARAMETER_OUT | C122: {=C98} -> Panel Trading Parameters, DK | D122: 2 | E122: 0.25
B124: ACTION_PARAMETER_OUT | C124: {=C99} -> Paper and Paperboard Trading Parameters, DK | D124: 1 | E124: 0.75
B125: ACTION_PARAMETER_OUT | C125: {=C99} -> Paper and Paperboard Trading Parameters, DK | D125: 2 | E125: 0.25
B127: ACTION_PARAMETER_OUT | C127: {=C100} -> End of Life Processing Parameters, DK | D127: 1 | E127: 0.5
B128: ACTION_PARAMETER_OUT | C128: {=C100} -> End of Life Processing Parameters, DK | D128: 2 | E128: 0.5
B129: ACTION_PARAMETER_OUT | C129: {=C100} -> End of Life Processing Parameters, DK | D129: 3 | E129: 0

Sheet Inputs - Carbon Mass
B1: Keyword: INITIAL_CMO | C1: Entry Pool (Pool Name) | D1: Species (Name) | E1: Physical State (Name) | F1: Quantity (Double precison) | G1: Entry Time Step (Integer) | H1: Empty Field | I1: Empty Field | J1: Empty Field | K1: Description
B3: INITIAL_CMO | C3: ='Inputs - Flow Network'!C3 -> Roundwood Harvested, DK | E3: ='Inputs - Categorical'!C3 -> Roundwood | F3: 100 | G3: 1

Sheet Inputs - Categorical
B1: Keyword: PHYSICAL_STATE | C1: Name | D1: Description
B3: PHYSICAL_STATE | C3: Roundwood
B5: Keyword: PHYSICAL_STATE_GROUP | C5: Name | D5: Reference | E5: Description
B7: Keyword: PHYSICAL_STATE_GROUP_MEMBER | C7: Group(Name) | D7: Physical_State(Name)
B9: Keyword: SPECIES | C9: Name | D9: Alternate_Name | E9: Code | F9: Reference | G9: Description
B11: Keyword: SPECIES_GROUP | C11: Name | D11: Reference | E11: Description
B13: Keyword: SPECIES_GROUP_MEMBER | C13: Species_Group(Name) | D13: Species(Name)
B15: Keyword: TAG | C15: Name | D15: Value | E15: Description

Sheet Inputs - Spatial
B1: Keyword: ASU | C1: ID | D1: Name | E1: Area | F1: Tag(Name) | G1: GIS_Id | H1: Description
B2: ASU | C2: 45 | D2: DK | E2: 1
B5: Keyword: ASU_GROUP_TYPE | C5: Name
B6: ASU_GROUP_TYPE | C6: Nation
B8: Keyword: ASU_GROUP | C8: Name | D8: ASU_Group_Type(Name) | E8: Description
B10: ASU_GROUP | C10: DK | D10: =C6 -> Nation
B12: Keyword: ASU_GROUP_MEMBER | C12: ASU_Group(Name) | D12: ASU(ID) | E12: Includes: ASU_Group(Name)
B13: ASU_GROUP_MEMBER | C13: =C10 -> DK | D13: =C2 -> 45

Sheet Inputs - Curves
B1: Keyword: CURVE | C1: Name | D1: Usage | E1: Reference | F1: Description
B3: Keyword: CURVE_TYPE | C3: Name | D3: Reference | E3: Description
B5: Keyword: CURVE_TYPE_MEMBER | C5: Curve_Type(Name) | D5: Curve(Name) | E5: ASU_Group(Name) | F5: Effective start timestep
B7: Keyword: CURVE_POINT | C7: Curve(Name) | D7: X_axis (Independent Variable) | E7: Y_axis (Dependent Variable)
