Workbook

Sheet Inputs - Flow Network
B1: Keyword: POOL | C1: Name | D1: ASU(Integer ID) | E1: Curve_Type(Name) [retention] | F1: Curve_Type(Name) [decay] | G1: ASU_ Group(Name) [retention] | H1: ASU_Group(Name) [decay] | I1: Max Capacity | J1: Allow Age Zero Flowthrough | K1: Pool_Ruleset(Name) | L1: Description/Note
B3: POOL | C3: Roundwood
B4: POOL | C4: Sawnwood | E4: IPCC default-sawnwood
B5: POOL | C5: Panels | E5: IPCC default-panels
B6: POOL | C6: Paper | E6: IPCC default-paper
B8: POOL | C8: Milling Residue
B10: POOL | C10: Wood pellets
B11: POOL | C11: Other bioenergy
B13: POOL | C13: Waste Incineration
B14: POOL | C14: Solid Waste Disposal Site
B16: POOL | C16: CO2 Emissions
B18: Keyword: EVENT | C18: Name | D18: Action_Type(Name) | E18: ASU(Integer ID) | F18: Curve(Name)[Quantity Cap]* | G18: Curve(Name)[Target Quantity]* | H18: First Timestep | I18: Last Timestep | J18: Event Ruleset(Name) | K18: ASU_Group(Name) | L18: Description/Note
B20: EVENT | C20: Manufacturing
B21: EVENT | C21: Residue Valorizing
B22: EVENT | C22: Combusting
B23: EVENT | C23: Post-consumer Processing
A24: =IF('Inputs - Landfill Module'!$C$3="OFF","","COMMENT") -> COMMENT | B24: EVENT | C24: Landfilling
B25: EVENT | C25: Incinerating
B27: Keyword: ACTION_TYPE | C27: NAME
B29: Keyword: EVENT_POOL | C29: Event(Name) | D29: Pool(Name) | E29: Source? | F29: Sequence Number | G29: Allow Recycling (Boolean)
B31: EVENT_POOL | C31: =$C$20 -> Manufacturing | D31: =C3 -> Roundwood | E31: =TRUE() -> TRUE | F31: 1
B32: EVENT_POOL | C32: =$C$20 -> Manufacturing | D32: =C4 -> Sawnwood | E32: =FALSE() -> FALSE | F32: 1
B33: EVENT_POOL | C33: =$C$20 -> Manufacturing | D33: =C5 -> Panels | E33: =FALSE() -> FALSE | F33: 2
B34: EVENT_POOL | C34: =$C$20 -> Manufacturing | D34: =C6 -> Paper | E34: =FALSE() -> FALSE | F34: 3
B35: EVENT_POOL | C35: =$C$20 -> Manufacturing | D35: =C8 -> Milling Residue | E35: =FALSE() -> FALSE | F35: 4
B37: EVENT_POOL | C37: =$C$21 -> Residue Valorizing | D37: =C8 -> Milling Residue | E37: =TRUE() -> TRUE | F37: 1
B38: EVENT_POOL | C38: =$C$21 -> Residue Valorizing | D38: =C10 -> Wood pellets | E38: =FALSE() -> FALSE | F38: 1
B39: EVENT_POOL | C39: =$C$21 -> Residue Valorizing | D39: =C11 -> Other bioenergy | E39: =FALSE() -> FALSE | F39: 2
B40: EVENT_POOL | C40: =$C$21 -> Residue Valorizing | D40: =C14 -> Solid Waste Disposal Site | E40: =FALSE() -> FALSE | F40: 3
B42: EVENT_POOL | C42: =$C$23 -> Post-consumer Processing | D42: =C4 -> Sawnwood | E42: =TRUE() -> TRUE | F42: 1
B43: EVENT_POOL | C43: =$C$23 -> Post-consumer Processing | D43: =C5 -> Panels | E43: =TRUE() -> TRUE | F43: 2
B44: EVENT_POOL | C44: =$C$23 -> Post-consumer Processing | D44: =C6 -> Paper | E44: =TRUE() -> TRUE | F44: 3
B45: EVENT_POOL | C45: =$C$23 -> Post-consumer Processing | D45: =C13 -> Waste Incineration | E45: =FALSE() -> FALSE | F45: 1
B46: EVENT_POOL | C46: =$C$23 -> Post-consumer Processing | D46: =C14 -> Solid Waste Disposal Site | E46: =FALSE() -> FALSE | F46: 2
A48: =IF('Inputs - Landfill Module'!$C$3="OFF","","COMMENT") -> COMMENT | B48: EVENT_POOL | C48: {=$C$24} -> Landfilling | D48: =D46 -> Solid Waste Disposal Site | E48: =TRUE() -> TRUE | F48: 1
A49: =IF('Inputs - Landfill Module'!$C$3="OFF","","COMMENT") -> COMMENT | B49: EVENT_POOL | C49: {=$C$24} -> Landfilling | D49: =C16 -> CO2 Emissions | E49: =FALSE() -> FALSE | F49: 1
B51: EVENT_POOL | C51: =$C$25 -> Incinerating | D51: =C13 -> Waste Incineration | E51: =TRUE() -> TRUE | F51: 1
B52: EVENT_POOL | C52: =$C$25 -> Incinerating | D52: =C16 -> CO2 Emissions | E52: =FALSE() -> FALSE | F52: 1
B54: EVENT_POOL | C54: =$C$22 -> Combusting | D54: =C10 -> Wood pellets | E54: =TRUE() -> TRUE | F54: 1
B55: EVENT_POOL | C55: =$C$22 -> Combusting | D55: =C11 -> Other bioenergy | E55: =TRUE() -> TRUE | F55: 2
B56: EVENT_POOL | C56: =$C$22 -> Combusting | D56: =C16 -> CO2 Emissions | E56: =FALSE() -> FALSE | F56: 1
B58: Keyword: ACTION_PARAMETER_SET | C58: Name | D58: Action_Type (Name) | E58: ASU_Group(Name) | F58: Effective Start Timestep* | G58: Reference | H58: Description
B60: ACTION_PARAMETER_SET | C60: =C31 & ", 1990" -> Manufacturing, 1990 | D60: =C31 -> Manufacturing | E60: UNIVERSE | F60: 1990
B61: ACTION_PARAMETER_SET | C61: =C32 & ", 1991" -> Manufacturing, 1991 | D61: =C31 -> Manufacturing | E61: UNIVERSE | F61: 1991
B63: Keyword: ACTION_PARAMETER_OUT | C63: Action_Parameter_Set(Name) | D63: Sequence Number | E63: Proportion | F63: Target | G63: New Physical State Name | H63: Physical State Rule | I63: Species Rule | J63: Note
A65: COMMENT | B65: ACTION_PARAMETER_OUT | C65: =C60 -> Manufacturing, 1990 | D65: =F32 -> 1 | F65: =[1]Sheet1!$H$38 -> 9100636.3 | G65: ='Inputs - Tags'!C4 -> Sawnwood
A66: COMMENT | B66: ACTION_PARAMETER_OUT | C66: =C60 -> Manufacturing, 1990 | D66: =F33 -> 2 | F66: =[1]Sheet1!$H$74 -> 1575533 | G66: ='Inputs - Tags'!C5 -> Panels
A67: COMMENT | B67: ACTION_PARAMETER_OUT | C67: =C60 -> Manufacturing, 1990 | D67: =F34 -> 3 | F67: =[1]Sheet1!$H$110 -> 6458552 | G67: ='Inputs - Tags'!C6 -> Paper
B69: ACTION_PARAMETER_OUT | C69: =$C$60 -> Manufacturing, 1990 | D69: =F32 -> 1 | E69: 0.35 | G69: ='Inputs - Tags'!C4 -> Sawnwood
B70: ACTION_PARAMETER_OUT | C70: =$C$60 -> Manufacturing, 1990 | D70: =F33 -> 2 | E70: 0.05 | G70: ='Inputs - Tags'!C5 -> Panels
B71: ACTION_PARAMETER_OUT | C71: =$C$60 -> Manufacturing, 1990 | D71: =F34 -> 3 | E71: 0.2 | G71: ='Inputs - Tags'!C6 -> Paper
B72: ACTION_PARAMETER_OUT | C72: =$C$60 -> Manufacturing, 1990 | D72: =F35 -> 4 | E72: 0.4 | G72: ='Inputs - Tags'!C7 -> Bioenergy
B74: ACTION_PARAMETER_OUT | C74: =$C$61 -> Manufacturing, 1991 | D74: =F32 -> 1 | E74: 0.8 | G74: ='Inputs - Tags'!C4 -> Sawnwood
B75: ACTION_PARAMETER_OUT | C75: =$C$61 -> Manufacturing, 1991 | D75: =F33 -> 2 | E75: 0.1 | G75: ='Inputs - Tags'!C5 -> Panels
B76: ACTION_PARAMETER_OUT | C76: =$C$61 -> Manufacturing, 1991 | D76: =F34 -> 3 | E76: 0.1 | G76: ='Inputs - Tags'!C6 -> Paper
B77: ACTION_PARAMETER_OUT | C77: =$C$61 -> Manufacturing, 1991 | D77: =F35 -> 4 | E77: 0 | G77: ='Inputs - Tags'!C7 -> Bioenergy
B79: ACTION_PARAMETER_OUT | C79: =C38 -> Residue Valorizing | D79: =F38 -> 1 | E79: 0.25
B80: ACTION_PARAMETER_OUT | C80: =C39 -> Residue Valorizing | D80: =F39 -> 2 | E80: 0.75
B81: ACTION_PARAMETER_OUT | C81: =C40 -> Residue Valorizing | D81: =F40 -> 3 | E81: 0
B83: ACTION_PARAMETER_OUT | C83: =C45 -> Post-consumer Processing | D83: =F45 -> 1 | E83: 0
B84: ACTION_PARAMETER_OUT | C84: =C46 -> Post-consumer Processing | D84: =F46 -> 2 | E84: 1
A86: =IF('Inputs - Landfill Module'!$C$3="OFF","","COMMENT") -> COMMENT | B86: ACTION_PARAMETER_OUT | C86: =$C$49 -> Landfilling | D86: =F49 -> 1 | E86: 1
B88: ACTION_PARAMETER_OUT | C88: =C52 -> Incinerating | D88: =F52 -> 1 | E88: 1
B90: ACTION_PARAMETER_OUT | C90: =C56 -> Combusting | D90: =F56 -> 1 | E90: 1

Sheet Inputs - Landfill Module
A2: COMMENT | B2: This landfill module can be switched on and off as needed
A3: COMMENT | B3: Landfill Module ON/OFF Switch | C3: ON
B5: Keyword: POOL | C5: Name | D5: ASU(Integer ID) | E5: Curve_Type(Name) [retention] | F5: Curve_Type(Name) [decay] | G5: ASU_ Group(Name) [retention] | H5: ASU_Group(Name) [decay] | I5: Max Capacity | J5: Allow Age Zero Flowthrough | K5: Pool_Ruleset(Name) | L5: Description/Note
A7: =IF($C$3="ON","","COMMENT") | B7: POOL | C7: Aerobic conditions
A8: =IF($C$3="ON","","COMMENT") | B8: POOL | C8: Anaerobic conditions
A9: =IF($C$3="ON","","COMMENT")
A10: =IF($C$3="ON","","COMMENT") | B10: POOL | C10: Decomposable
A11: =IF($C$3="ON","","COMMENT") | B11: POOL | C11: Non-decomposable
A12: =IF($C$3="ON","","COMMENT")
A13: =IF($C$3="ON","","COMMENT") | B13: POOL | C13: Landfilled Wood, Boreal Wet | E13: ='Inputs - Curves'!C8 -> Landfilled Wood Decay Curve
A14: =IF($C$3="ON","","COMMENT") | B14: POOL | C14: Landfilled Paper, Boreal Wet | E14: ='Inputs - Curves'!C9 -> Landfilled Paper Decay Curve
A15: =IF($C$3="ON","","COMMENT")
A16: =IF($C$3="ON","","COMMENT") | B16: POOL | C16: CH4 Generated
A17: =IF($C$3="ON","","COMMENT")
A18: =IF($C$3="ON","","COMMENT") | B18: POOL | C18: Flared CH4
A19: =IF($C$3="ON","","COMMENT") | B19: POOL | C19: CH4-to-energy
A20: =IF($C$3="ON","","COMMENT") | B20: POOL | C20: Unrecovered CH4
A21: =IF($C$3="ON","","COMMENT")
A22: =IF($C$3="ON","","COMMENT") | B22: POOL | C22: CH4 Emissions
B24: Keyword: EVENT | C24: Name | D24: Action_Type(Name) | E24: ASU(Integer ID) | F24: Curve(Name)[Quantity Cap]* | G24: Curve(Name)[Target Quantity]* | H24: First Timestep | I24: Last Timestep | J24: Event Ruleset(Name) | K24: ASU_Group(Name) | L24: Description/Note
A26: =IF($C$3="ON","","COMMENT") | B26: EVENT | C26: MCF Factoring
A27: =IF($C$3="ON","","COMMENT") | B27: EVENT | C27: DOCf Factoring
A28: =IF($C$3="ON","","COMMENT") | B28: EVENT | C28: Climate Zoning
A29: =IF($C$3="ON","","COMMENT") | B29: EVENT | C29: F Factoring
A30: =IF($C$3="ON","","COMMENT") | B30: EVENT | C30: R Factoring
A31: =IF($C$3="ON","","COMMENT") | B31: EVENT | C31: Flaring
A32: =IF($C$3="ON","","COMMENT") | B32: EVENT | C32: CH4 Combusting
A33: =IF($C$3="ON","","COMMENT") | B33: EVENT | C33: OX Factoring
A34: =IF($C$3="ON","","COMMENT") | B34: EVENT | C34: Aerobic Oxidizing
B36: Keyword: ACTION_TYPE | C36: NAME
B38: Keyword: EVENT_POOL | C38: Event(Name) | D38: Pool(Name) | E38: Source? | F38: Sequence Number | G38: Allow Recycling (Boolean)
A40: =IF($C$3="ON","","COMMENT") | B40: EVENT_POOL | C40: =$C$26 -> MCF Factoring | D40: ='Inputs - Flow Network'!C14 -> Solid Waste Disposal Site | E40: =TRUE() -> TRUE | F40: 1
A41: =IF($C$3="ON","","COMMENT") | B41: EVENT_POOL | C41: =$C$26 -> MCF Factoring | D41: =C7 -> Aerobic conditions | E41: =FALSE() -> FALSE | F41: 1
A42: =IF($C$3="ON","","COMMENT") | B42: EVENT_POOL | C42: =$C$26 -> MCF Factoring | D42: =C8 -> Anaerobic conditions | E42: =FALSE() -> FALSE | F42: 2
A43: =IF($C$3="ON","","COMMENT")
A44: =IF($C$3="ON","","COMMENT") | B44: EVENT_POOL | C44: =$C$27 -> DOCf Factoring | D44: =C8 -> Anaerobic conditions | E44: =TRUE() -> TRUE | F44: 1
A45: =IF($C$3="ON","","COMMENT") | B45: EVENT_POOL | C45: =$C$27 -> DOCf Factoring | D45: =C10 -> Decomposable | E45: =FALSE() -> FALSE | F45: 1
A46: =IF($C$3="ON","","COMMENT") | B46: EVENT_POOL | C46: =$C$27 -> DOCf Factoring | D46: =C11 -> Non-decomposable | E46: =FALSE() -> FALSE | F46: 2
A47: =IF($C$3="ON","","COMMENT")
A48: =IF($C$3="ON","","COMMENT") | B48: EVENT_POOL | C48: =$C$28 -> Climate Zoning | D48: =C10 -> Decomposable | E48: =TRUE() -> TRUE | F48: 1
A49: =IF($C$3="ON","","COMMENT") | B49: EVENT_POOL | C49: =$C$28 -> Climate Zoning | D49: =C13 -> Landfilled Wood, Boreal Wet | E49: =FALSE() -> FALSE | F49: 1
A50: =IF($C$3="ON","","COMMENT") | B50: EVENT_POOL | C50: =$C$28 -> Climate Zoning | D50: =C14 -> Landfilled Paper, Boreal Wet | E50: =FALSE() -> FALSE | F50: 2
A51: =IF($C$3="ON","","COMMENT")
A52: =IF($C$3="ON","","COMMENT") | B52: EVENT_POOL | C52: =$C$29 -> F Factoring | D52: =C13 -> Landfilled Wood, Boreal Wet | E52: =TRUE() -> TRUE | F52: 1
A53: =IF($C$3="ON","","COMMENT") | B53: EVENT_POOL | C53: =$C$29 -> F Factoring | D53: =C14 -> Landfilled Paper, Boreal Wet | E53: =TRUE() -> TRUE | F53: 2
A54: =IF($C$3="ON","","COMMENT") | B54: EVENT_POOL | C54: =$C$29 -> F Factoring | D54: =C16 -> CH4 Generated | E54: =FALSE() -> FALSE | F54: 1
A55: =IF($C$3="ON","","COMMENT") | B55: EVENT_POOL | C55: =$C$29 -> F Factoring | D55: ='Inputs - Flow Network'!$C$16 -> CO2 Emissions | E55: =FALSE() -> FALSE | F55: 2
A56: =IF($C$3="ON","","COMMENT")
A57: =IF($C$3="ON","","COMMENT") | B57: EVENT_POOL | C57: =$C$30 -> R Factoring | D57: =C16 -> CH4 Generated | E57: =TRUE() -> TRUE | F57: 1
A58: =IF($C$3="ON","","COMMENT") | B58: EVENT_POOL | C58: =$C$30 -> R Factoring | D58: =C18 -> Flared CH4 | E58: =FALSE() -> FALSE | F58: 1
A59: =IF($C$3="ON","","COMMENT") | B59: EVENT_POOL | C59: =$C$30 -> R Factoring | D59: =C19 -> CH4-to-energy | E59: =FALSE() -> FALSE | F59: 2
A60: =IF($C$3="ON","","COMMENT") | B60: EVENT_POOL | C60: =$C$30 -> R Factoring | D60: =C20 -> Unrecovered CH4 | E60: =FALSE() -> FALSE | F60: 3
A61: =IF($C$3="ON","","COMMENT")
A62: =IF($C$3="ON","","COMMENT") | B62: EVENT_POOL | C62: =$C$31 -> Flaring | D62: =C18 -> Flared CH4 | E62: =TRUE() -> TRUE | F62: 1
A63: =IF($C$3="ON","","COMMENT") | B63: EVENT_POOL | C63: =$C$31 -> Flaring | D63: ='Inputs - Flow Network'!$C$16 -> CO2 Emissions | E63: =FALSE() -> FALSE | F63: 1
A64: =IF($C$3="ON","","COMMENT") | B64: EVENT_POOL | C64: =$C$31 -> Flaring | D64: =C22 -> CH4 Emissions | E64: =FALSE() -> FALSE | F64: 2
A65: =IF($C$3="ON","","COMMENT")
A66: =IF($C$3="ON","","COMMENT") | B66: EVENT_POOL | C66: =$C$32 -> CH4 Combusting | D66: =C19 -> CH4-to-energy | E66: =TRUE() -> TRUE | F66: 1
A67: =IF($C$3="ON","","COMMENT") | B67: EVENT_POOL | C67: =$C$32 -> CH4 Combusting | D67: ='Inputs - Flow Network'!$C$16 -> CO2 Emissions | E67: =FALSE() -> FALSE | F67: 1
A68: =IF($C$3="ON","","COMMENT") | B68: EVENT_POOL | C68: =$C$32 -> CH4 Combusting | D68: =C22 -> CH4 Emissions | E68: =FALSE() -> FALSE | F68: 2
A69: =IF($C$3="ON","","COMMENT")
A70: =IF($C$3="ON","","COMMENT") | B70: EVENT_POOL | C70: =$C$33 -> OX Factoring | D70: =C20 -> Unrecovered CH4 | E70: =TRUE() -> TRUE | F70: 1
A71: =IF($C$3="ON","","COMMENT") | B71: EVENT_POOL | C71: =$C$33 -> OX Factoring | D71: ='Inputs - Flow Network'!$C$16 -> CO2 Emissions | E71: =FALSE() -> FALSE | F71: 1
A72: =IF($C$3="ON","","COMMENT") | B72: EVENT_POOL | C72: =$C$33 -> OX Factoring | D72: =C22 -> CH4 Emissions | E72: =FALSE() -> FALSE | F72: 2
A73: =IF($C$3="ON","","COMMENT")
A74: =IF($C$3="ON","","COMMENT") | B74: EVENT_POOL | C74: =$C$34 -> Aerobic Oxidizing | D74: =C7 -> Aerobic conditions | E74: =TRUE() -> TRUE | F74: 1
A75: =IF($C$3="ON","","COMMENT") | B75: EVENT_POOL | C75: =$C$34 -> Aerobic Oxidizing | D75: ='Inputs - Flow Network'!$C$16 -> CO2 Emissions | E75: =FALSE() -> FALSE | F75: 1
B77: Keyword: ACTION_PARAMETER_SET | C77: Name | D77: Action_Type (Name) | E77: ASU_Group(Name) | F77: Effective Start Timestep* | G77: Reference | H77: Description
B79: Keyword: ACTION_PARAMETER_OUT | C79: Action_Parameter_Set(Name) | D79: Sequence Number | E79: Proportion | F79: Target | G79: New Physical State Name | H79: Physical State Rule | I79: Species Rule | J79: Note
A81: =IF($C$3="ON","","COMMENT") | B81: ACTION_PARAMETER_OUT | C81: =C41 -> MCF Factoring | D81: =F41 -> 1 | E81: 0
A82: =IF($C$3="ON","","COMMENT") | B82: ACTION_PARAMETER_OUT | C82: =C42 -> MCF Factoring | D82: =F42 -> 2 | E82: 1
A83: =IF($C$3="ON","","COMMENT")
A84: =IF($C$3="ON","","COMMENT") | B84: ACTION_PARAMETER_OUT | C84: =C45 -> DOCf Factoring | D84: =F45 -> 1 | E84: 0.1 | H84: ='Inputs - Tags'!C11 -> Less decomposable wastes
A85: =IF($C$3="ON","","COMMENT") | B85: ACTION_PARAMETER_OUT | C85: =C46 -> DOCf Factoring | D85: =F46 -> 2 | E85: 0.9 | H85: ='Inputs - Tags'!C11 -> Less decomposable wastes
A86: =IF($C$3="ON","","COMMENT")
A87: =IF($C$3="ON","","COMMENT") | B87: ACTION_PARAMETER_OUT | C87: =C45 -> DOCf Factoring | D87: =F45 -> 1 | E87: 0.5 | J87: the rest is all paper
A88: =IF($C$3="ON","","COMMENT") | B88: ACTION_PARAMETER_OUT | C88: =C46 -> DOCf Factoring | D88: =F46 -> 2 | E88: 0.5
A89: =IF($C$3="ON","","COMMENT")
A90: =IF($C$3="ON","","COMMENT") | B90: ACTION_PARAMETER_OUT | C90: =C49 -> Climate Zoning | D90: =F49 -> 1 | E90: 1 | H90: ='Inputs - Tags'!C11 -> Less decomposable wastes
A91: =IF($C$3="ON","","COMMENT") | B91: ACTION_PARAMETER_OUT | C91: =C50 -> Climate Zoning | D91: =F50 -> 2 | E91: 0 | H91: ='Inputs - Tags'!C11 -> Less decomposable wastes
A92: =IF($C$3="ON","","COMMENT")
A93: =IF($C$3="ON","","COMMENT") | B93: ACTION_PARAMETER_OUT | C93: =C49 -> Climate Zoning | D93: =F49 -> 1 | E93: 0
A94: =IF($C$3="ON","","COMMENT") | B94: ACTION_PARAMETER_OUT | C94: =C50 -> Climate Zoning | D94: =F50 -> 2 | E94: 1 | J94: the rest should be all paper
A95: =IF($C$3="ON","","COMMENT")
A96: =IF($C$3="ON","","COMMENT") | B96: ACTION_PARAMETER_OUT | C96: =C54 -> F Factoring | D96: =F54 -> 1 | E96: 0.5
A97: =IF($C$3="ON","","COMMENT") | B97: ACTION_PARAMETER_OUT | C97: =C55 -> F Factoring | D97: =F55 -> 2 | E97: 0.5
A98: =IF($C$3="ON","","COMMENT")
A99: =IF($C$3="ON","","COMMENT") | B99: ACTION_PARAMETER_OUT | C99: =C58 -> R Factoring | D99: =F58 -> 1 | E99: 0
A100: =IF($C$3="ON","","COMMENT") | B100: ACTION_PARAMETER_OUT | C100: =C59 -> R Factoring | D100: =F59 -> 2 | E100: 0
A101: =IF($C$3="ON","","COMMENT") | B101: ACTION_PARAMETER_OUT | C101: =C60 -> R Factoring | D101: =F60 -> 3 | E101: 1
A102: =IF($C$3="ON","","COMMENT")
A103: =IF($C$3="ON","","COMMENT") | B103: ACTION_PARAMETER_OUT | C103: =C63 -> Flaring | D103: =F63 -> 1 | E103: 1
A104: =IF($C$3="ON","","COMMENT") | B104: ACTION_PARAMETER_OUT | C104: =C64 -> Flaring | D104: =F64 -> 2 | E104: 0
A105: =IF($C$3="ON","","COMMENT")
A106: =IF($C$3="ON","","COMMENT") | B106: ACTION_PARAMETER_OUT | C106: =C67 -> CH4 Combusting | D106: =F67 -> 1 | E106: 1
A107: =IF($C$3="ON","","COMMENT") | B107: ACTION_PARAMETER_OUT | C107: =C68 -> CH4 Combusting | D107: =F68 -> 2 | E107: 0
A108: =IF($C$3="ON","","COMMENT")
A109: =IF($C$3="ON","","COMMENT") | B109: ACTION_PARAMETER_OUT | C109: =C71 -> OX Factoring | D109: =F71 -> 1 | E109: 0
A110: =IF($C$3="ON","","COMMENT") | B110: ACTION_PARAMETER_OUT | C110: =C72 -> OX Factoring | D110: =F72 -> 2 | E110: 1
A111: =IF($C$3="ON","","COMMENT")
...

Sheet Inputs - Carbon
B1: Keyword: INITIAL_CMO | C1: Entry Pool (Pool Name) | D1: Species (Name) | E1: Physical State (Name) | F1: Quantity (Double precison) | G1: Entry Time Step (Integer) | H1: Initial Age | I1: Tag (Name) | J1: Is Retained | K1: Description
B3: INITIAL_CMO | C3: ='Inputs - Flow Network'!$C$3 -> Roundwood | F3: =[1]Sheet1!H2 -> 37127083 | G3: 1990
B4: INITIAL_CMO | C4: ='Inputs - Flow Network'!$C$3 -> Roundwood | F4: =[1]Sheet1!H3 -> 36678472 | G4: 1991
B5: INITIAL_CMO | C5: ='Inputs - Flow Network'!$C$3 -> Roundwood | F5: =[1]Sheet1!H4 -> 38905955 | G5: 1992
B6: INITIAL_CMO | C6: ='Inputs - Flow Network'!$C$3 -> Roundwood | F6: =[1]Sheet1!H5 -> 40348197 | G6: 1993
B7: INITIAL_CMO | C7: ='Inputs - Flow Network'!$C$3 -> Roundwood | F7: =[1]Sheet1!H6 -> 41958296 | G7: 1994
B8: INITIAL_CMO | C8: ='Inputs - Flow Network'!$C$3 -> Roundwood | F8: =[1]Sheet1!H7 -> 43150928 | G8: 1995
B9: INITIAL_CMO | C9: ='Inputs - Flow Network'!$C$3 -> Roundwood | F9: =[1]Sheet1!H8 -> 43483436 | G9: 1996
B10: INITIAL_CMO | C10: ='Inputs - Flow Network'!$C$3 -> Roundwood | F10: =[1]Sheet1!H9 -> 43752282 | G10: 1997
B11: INITIAL_CMO | C11: ='Inputs - Flow Network'!$C$3 -> Roundwood | F11: =[1]Sheet1!H10 -> 40519718 | G11: 1998
B12: INITIAL_CMO | C12: ='Inputs - Flow Network'!$C$3 -> Roundwood | F12: =[1]Sheet1!H11 -> 44400810 | G12: 1999
B13: INITIAL_CMO | C13: ='Inputs - Flow Network'!$C$3 -> Roundwood | F13: =[1]Sheet1!H12 -> 46222505 | G13: 2000
B14: INITIAL_CMO | C14: ='Inputs - Flow Network'!$C$3 -> Roundwood | F14: =[1]Sheet1!H13 -> 42560337 | G14: 2001
... B37: INITIAL_CMO | C37: ='Inputs - Flow Network'!$C$3 -> Roundwood | F37: =[1]Sheet1!H36 -> 26583833 | G37: 2024

Sheet Inputs - Tags
B1: Keyword: PHYSICAL_STATE | C1: Name | D1: Description
B3: PHYSICAL_STATE | C3: Roundwood
B4: PHYSICAL_STATE | C4: Sawnwood
B5: PHYSICAL_STATE | C5: Panels
B6: PHYSICAL_STATE | C6: Paper
B7: PHYSICAL_STATE | C7: Bioenergy
B9: Keyword: PHYSICAL_STATE_GROUP | C9: Name | D9: Reference | E9: Description
B11: PHYSICAL_STATE_GROUP | C11: Less decomposable wastes
B12: PHYSICAL_STATE_GROUP | C12: Moderately decomposable wastes
B14: Keyword: PHYSICAL_STATE_GROUP_MEMBER | C14: Group(Name) | D14: Physical_State(Name)
B16: PHYSICAL_STATE_GROUP_MEMBER | C16: =C11 -> Less decomposable wastes | D16: =C4 -> Sawnwood
B17: PHYSICAL_STATE_GROUP_MEMBER | C17: =C11 -> Less decomposable wastes | D17: =C5 -> Panels
B19: PHYSICAL_STATE_GROUP_MEMBER | C19: =C12 -> Moderately decomposable wastes | D19: =C6 -> Paper
B21: Keyword: SPECIES | C21: Name | D21: Alternate_Name | E21: Code | F21: Reference | G21: Description
B23: Keyword: SPECIES_GROUP | C23: Name | D23: Reference | E23: Description
B25: Keyword: SPECIES_GROUP_MEMBER | C25: Species_Group(Name) | D25: Species(Name)
B27: Keyword: TAG | C27: Name | D27: Value | E27: Description

Sheet Inputs - Curves
B1: Keyword: CURVE | C1: Name | D1: Usage | E1: Reference | F1: Description
B3: CURVE | C3: Exponential decay, k=0.03 | F3: Boreal and Temperate, Wet, Wood
B4: CURVE | C4: Exponential decay, k=0.06 | F4: Boreal and Temperate, Wet, Paper/textiles
B6: Keyword: CURVE_TYPE | C6: Name | D6: Reference | E6: Description
B8: CURVE_TYPE | C8: Landfilled Wood Decay Curve
B9: CURVE_TYPE | C9: Landfilled Paper Decay Curve
B11: Keyword: CURVE_TYPE_MEMBER | C11: Curve_Type(Name) | D11: Curve(Name) | E11: ASU_Group(Name) | F11: Effective start timestep
B13: CURVE_TYPE_MEMBER | C13: =C8 -> Landfilled Wood Decay Curve | D13: =C3 -> Exponential decay, k=0.03 | E13: UNIVERSE | F13: 1
B14: CURVE_TYPE_MEMBER | C14: =C9 -> Landfilled Paper Decay Curve | D14: =C4 -> Exponential decay, k=0.06 | E14: UNIVERSE | F14: 1
B16: Keyword: CURVE_POINT | C16: Curve(Name) | D16: X_axis (Independent Variable) | E16: Y_axis (Dependent Variable)
B18: CURVE_POINT | C18: =$C$3 -> Exponential decay, k=0.03 | D18: 0 | E18: 1
B19: CURVE_POINT | C19: =$C$3 -> Exponential decay, k=0.03 | D19: 1 | E19: =EXP(-0.03) -> 0.97044553
B21: CURVE_POINT | C21: =C4 -> Exponential decay, k=0.06 | D21: 0 | E21: 1
B22: CURVE_POINT | C22: =C4 -> Exponential decay, k=0.06 | D22: 1 | E22: =EXP(-0.06) -> 0.94176453
